1,PlateaDictumst.mp3,http://dummyimage.com/182x225.png/5fa2dd/ffffff
2,NamTristique.tiff,http://dummyimage.com/163x156.png/cc0000/ffffff
3,OrciPede.xls,http://dummyimage.com/173x154.png/dddddd/000000
4,IdLigulaSuspendisse.mp3,http://dummyimage.com/248x155.png/5fa2dd/ffffff
5,MagnaAcConsequat.ppt,http://dummyimage.com/140x240.png/dddddd/000000
6,Nulla.xls,http://dummyimage.com/124x237.png/cc0000/ffffff
7,Turpis.avi,http://dummyimage.com/215x206.png/5fa2dd/ffffff
8,Suspendisse.avi,http://dummyimage.com/188x173.png/dddddd/000000
9,TristiqueFusce.tiff,http://dummyimage.com/154x180.png/5fa2dd/ffffff
10,NequeSapienPlacerat.xls,http://dummyimage.com/201x151.png/cc0000/ffffff
11,Magna.xls,http://dummyimage.com/233x207.png/cc0000/ffffff
12,MorbiOdioOdio.mpeg,http://dummyimage.com/162x241.png/5fa2dd/ffffff
13,Luctus.avi,http://dummyimage.com/109x118.png/ff4444/ffffff
14,UltricesPosuere.doc,http://dummyimage.com/123x121.png/5fa2dd/ffffff
15,QuamSapienVarius.ppt,http://dummyimage.com/221x152.png/cc0000/ffffff
16,Tincidunt.tiff,http://dummyimage.com/116x133.png/5fa2dd/ffffff
17,MagnaAcConsequat.avi,http://dummyimage.com/214x189.png/ff4444/ffffff
18,VestibulumAnte.mp3,http://dummyimage.com/103x171.png/dddddd/000000
19,PellentesqueVolutpatDui.ppt,http://dummyimage.com/100x118.png/5fa2dd/ffffff
20,CurabiturIn.mp3,http://dummyimage.com/172x126.png/5fa2dd/ffffff
21,TortorRisusDapibus.tiff,http://dummyimage.com/192x152.png/ff4444/ffffff
22,FelisSedLacus.ppt,http://dummyimage.com/200x141.png/cc0000/ffffff
23,Mollis.tiff,http://dummyimage.com/135x119.png/dddddd/000000
24,EgetEleifendLuctus.mp3,http://dummyimage.com/141x203.png/cc0000/ffffff
25,NamNulla.tiff,http://dummyimage.com/197x167.png/5fa2dd/ffffff
26,MassaDonecDapibus.mp3,http://dummyimage.com/250x163.png/5fa2dd/ffffff
27,Nisi.xls,http://dummyimage.com/224x175.png/dddddd/000000
28,Primis.avi,http://dummyimage.com/156x109.png/cc0000/ffffff
29,Aenean.ppt,http://dummyimage.com/185x191.png/cc0000/ffffff
30,UltricesAliquet.mp3,http://dummyimage.com/209x215.png/cc0000/ffffff
31,Volutpat.mpeg,http://dummyimage.com/158x222.png/ff4444/ffffff
32,In.tiff,http://dummyimage.com/248x113.png/ff4444/ffffff
33,Diam.mp3,http://dummyimage.com/240x111.png/dddddd/000000
34,TinciduntLacus.mp3,http://dummyimage.com/108x141.png/ff4444/ffffff
35,EstDonec.ppt,http://dummyimage.com/214x153.png/cc0000/ffffff
36,DapibusAugueVel.xls,http://dummyimage.com/118x170.png/cc0000/ffffff
37,AtVulputateVitae.mp3,http://dummyimage.com/131x250.png/cc0000/ffffff
38,VestibulumQuamSapien.mp3,http://dummyimage.com/208x202.png/dddddd/000000
39,PrimisInFaucibus.xls,http://dummyimage.com/245x116.png/cc0000/ffffff
40,EtiamFaucibusCursus.mp3,http://dummyimage.com/213x142.png/ff4444/ffffff
41,EstPhasellus.xls,http://dummyimage.com/194x222.png/ff4444/ffffff
42,SitAmetSem.txt,http://dummyimage.com/162x118.png/dddddd/000000
43,LacusAt.tiff,http://dummyimage.com/243x132.png/ff4444/ffffff
44,FelisEuSapien.mpeg,http://dummyimage.com/111x176.png/dddddd/000000
45,VelitDonecDiam.xls,http://dummyimage.com/117x238.png/5fa2dd/ffffff
46,PellentesqueAtNulla.xls,http://dummyimage.com/221x235.png/ff4444/ffffff
47,SapienVariusUt.doc,http://dummyimage.com/199x165.png/5fa2dd/ffffff
48,QuisqueUt.avi,http://dummyimage.com/222x170.png/cc0000/ffffff
49,MaecenasUtMassa.gif,http://dummyimage.com/129x179.png/cc0000/ffffff
50,NecNisiVolutpat.mp3,http://dummyimage.com/208x200.png/5fa2dd/ffffff
51,Ut.png,http://dummyimage.com/147x237.png/ff4444/ffffff
52,Urna.ppt,http://dummyimage.com/249x221.png/cc0000/ffffff
53,InQuis.ppt,http://dummyimage.com/146x202.png/ff4444/ffffff
54,AtDolor.tiff,http://dummyimage.com/183x201.png/dddddd/000000
55,CursusVestibulum.tiff,http://dummyimage.com/225x156.png/dddddd/000000
56,LobortisVel.mp3,http://dummyimage.com/121x137.png/dddddd/000000
57,Vulputate.mpeg,http://dummyimage.com/130x131.png/dddddd/000000
58,Natoque.avi,http://dummyimage.com/203x120.png/cc0000/ffffff
59,NisiAt.xls,http://dummyimage.com/221x133.png/ff4444/ffffff
60,DolorSitAmet.ppt,http://dummyimage.com/120x117.png/ff4444/ffffff
61,Morbi.mp3,http://dummyimage.com/249x142.png/ff4444/ffffff
62,Sapien.ppt,http://dummyimage.com/167x244.png/dddddd/000000
63,IpsumPraesentBlandit.avi,http://dummyimage.com/232x165.png/5fa2dd/ffffff
64,PretiumIaculis.tiff,http://dummyimage.com/227x165.png/ff4444/ffffff
65,AcTellusSemper.xls,http://dummyimage.com/114x210.png/dddddd/000000
66,LuctusRutrumNulla.avi,http://dummyimage.com/170x213.png/5fa2dd/ffffff
67,InImperdietEt.doc,http://dummyimage.com/184x238.png/5fa2dd/ffffff
68,EratFermentumJusto.gif,http://dummyimage.com/190x104.png/5fa2dd/ffffff
69,VolutpatEratQuisque.png,http://dummyimage.com/182x185.png/cc0000/ffffff
70,MagnaVulputateLuctus.mpeg,http://dummyimage.com/245x131.png/ff4444/ffffff
71,InterdumIn.txt,http://dummyimage.com/224x134.png/dddddd/000000
72,NibhInLectus.ppt,http://dummyimage.com/149x208.png/cc0000/ffffff
73,Sit.avi,http://dummyimage.com/151x163.png/cc0000/ffffff
74,At.txt,http://dummyimage.com/147x182.png/dddddd/000000
75,Suspendisse.xls,http://dummyimage.com/210x194.png/cc0000/ffffff
76,Dolor.xls,http://dummyimage.com/247x214.png/dddddd/000000
77,PurusEuMagna.mp3,http://dummyimage.com/243x108.png/dddddd/000000
78,DuisBibendumFelis.avi,http://dummyimage.com/184x218.png/dddddd/000000
79,QuisJusto.ppt,http://dummyimage.com/169x214.png/cc0000/ffffff
80,IdMassa.xls,http://dummyimage.com/188x160.png/5fa2dd/ffffff
81,MusVivamusVestibulum.ppt,http://dummyimage.com/188x158.png/5fa2dd/ffffff
82,Volutpat.ppt,http://dummyimage.com/227x108.png/ff4444/ffffff
83,NuncRhoncusDui.doc,http://dummyimage.com/176x100.png/cc0000/ffffff
84,JustoLaciniaEget.ppt,http://dummyimage.com/128x188.png/5fa2dd/ffffff
85,FelisSedInterdum.gif,http://dummyimage.com/171x182.png/ff4444/ffffff
86,Libero.gif,http://dummyimage.com/184x181.png/ff4444/ffffff
87,PurusEu.mpeg,http://dummyimage.com/178x110.png/cc0000/ffffff
88,DapibusDuis.xls,http://dummyimage.com/131x201.png/ff4444/ffffff
89,EgetTinciduntEget.jpeg,http://dummyimage.com/172x236.png/dddddd/000000
90,HabitassePlatea.ppt,http://dummyimage.com/114x100.png/5fa2dd/ffffff
91,NonMi.avi,http://dummyimage.com/146x235.png/ff4444/ffffff
92,TellusIn.gif,http://dummyimage.com/178x217.png/ff4444/ffffff
93,NonLectusAliquam.mpeg,http://dummyimage.com/229x202.png/cc0000/ffffff
94,PellentesqueEget.ppt,http://dummyimage.com/210x170.png/ff4444/ffffff
95,Mattis.txt,http://dummyimage.com/213x246.png/cc0000/ffffff
96,Duis.avi,http://dummyimage.com/211x216.png/ff4444/ffffff
97,Nibh.ppt,http://dummyimage.com/243x195.png/5fa2dd/ffffff
98,InPorttitor.pdf,http://dummyimage.com/160x156.png/dddddd/000000
99,NisiEuOrci.txt,http://dummyimage.com/171x110.png/dddddd/000000
100,JustoIn.mp3,http://dummyimage.com/245x249.png/cc0000/ffffff
101,VestibulumAnteIpsum.avi,http://dummyimage.com/184x224.png/cc0000/ffffff
102,AeneanLectus.mpeg,http://dummyimage.com/181x157.png/dddddd/000000
103,ConvallisEgetEleifend.mp3,http://dummyimage.com/198x145.png/cc0000/ffffff
104,SuscipitNullaElit.ppt,http://dummyimage.com/100x106.png/dddddd/000000
105,Cras.doc,http://dummyimage.com/150x244.png/cc0000/ffffff
106,Nam.xls,http://dummyimage.com/218x115.png/ff4444/ffffff
107,PurusSit.jpeg,http://dummyimage.com/123x137.png/ff4444/ffffff
108,Pulvinar.jpeg,http://dummyimage.com/223x173.png/5fa2dd/ffffff
109,ScelerisqueQuam.xls,http://dummyimage.com/216x116.png/ff4444/ffffff
110,Lacinia.xls,http://dummyimage.com/177x159.png/5fa2dd/ffffff
111,ErosVestibulumAc.mp3,http://dummyimage.com/185x111.png/dddddd/000000
112,Sapien.gif,http://dummyimage.com/206x152.png/ff4444/ffffff
113,Donec.mp3,http://dummyimage.com/213x113.png/dddddd/000000
114,SagittisDui.ppt,http://dummyimage.com/134x216.png/5fa2dd/ffffff
115,MaurisNon.jpeg,http://dummyimage.com/140x236.png/5fa2dd/ffffff
116,NamNulla.jpeg,http://dummyimage.com/212x203.png/5fa2dd/ffffff
117,NuncNislDuis.mp3,http://dummyimage.com/138x153.png/dddddd/000000
118,Erat.pdf,http://dummyimage.com/202x155.png/ff4444/ffffff
119,PlaceratAnteNulla.jpeg,http://dummyimage.com/164x156.png/dddddd/000000
120,LacusMorbiQuis.gif,http://dummyimage.com/211x208.png/ff4444/ffffff
121,Tristique.txt,http://dummyimage.com/213x202.png/ff4444/ffffff
122,Suspendisse.pdf,http://dummyimage.com/199x114.png/dddddd/000000
123,InBlandit.tiff,http://dummyimage.com/188x157.png/dddddd/000000
124,CrasPellentesqueVolutpat.ppt,http://dummyimage.com/200x108.png/ff4444/ffffff
125,APedePosuere.mpeg,http://dummyimage.com/194x137.png/ff4444/ffffff
126,SitAmet.ppt,http://dummyimage.com/113x176.png/dddddd/000000
127,Eget.mp3,http://dummyimage.com/145x246.png/5fa2dd/ffffff
128,PosuereMetus.tiff,http://dummyimage.com/200x109.png/ff4444/ffffff
129,UltriciesEuNibh.avi,http://dummyimage.com/120x173.png/ff4444/ffffff
130,LeoPellentesqueUltrices.ppt,http://dummyimage.com/233x187.png/cc0000/ffffff
131,HacHabitassePlatea.ppt,http://dummyimage.com/229x198.png/cc0000/ffffff
132,HacHabitassePlatea.mpeg,http://dummyimage.com/122x165.png/5fa2dd/ffffff
133,HacHabitassePlatea.avi,http://dummyimage.com/186x244.png/cc0000/ffffff
134,Nibh.avi,http://dummyimage.com/227x195.png/5fa2dd/ffffff
135,FacilisiCras.tiff,http://dummyimage.com/134x181.png/dddddd/000000
136,Purus.xls,http://dummyimage.com/188x174.png/dddddd/000000
137,Dis.mp3,http://dummyimage.com/226x123.png/ff4444/ffffff
138,Pretium.gif,http://dummyimage.com/106x165.png/cc0000/ffffff
139,DuiMaecenasTristique.tiff,http://dummyimage.com/202x185.png/cc0000/ffffff
140,Massa.jpeg,http://dummyimage.com/249x191.png/ff4444/ffffff
141,AmetTurpis.mov,http://dummyimage.com/113x184.png/cc0000/ffffff
142,NibhIn.ppt,http://dummyimage.com/102x122.png/5fa2dd/ffffff
143,Posuere.tiff,http://dummyimage.com/169x207.png/cc0000/ffffff
144,In.ppt,http://dummyimage.com/102x152.png/5fa2dd/ffffff
145,UtRhoncusAliquet.xls,http://dummyimage.com/144x225.png/ff4444/ffffff
146,DuisFaucibusAccumsan.mp3,http://dummyimage.com/219x241.png/dddddd/000000
147,Ipsum.mp3,http://dummyimage.com/148x131.png/5fa2dd/ffffff
148,VelAccumsanTellus.xls,http://dummyimage.com/107x164.png/ff4444/ffffff
149,NibhInLectus.txt,http://dummyimage.com/131x135.png/cc0000/ffffff
150,PulvinarSedNisl.avi,http://dummyimage.com/217x170.png/5fa2dd/ffffff
151,Pretium.avi,http://dummyimage.com/248x115.png/ff4444/ffffff
152,OrciLuctus.tiff,http://dummyimage.com/220x159.png/cc0000/ffffff
153,AtTurpis.png,http://dummyimage.com/164x100.png/5fa2dd/ffffff
154,MaecenasPulvinarLobortis.mpeg,http://dummyimage.com/153x156.png/5fa2dd/ffffff
155,PlateaDictumst.mp3,http://dummyimage.com/229x133.png/dddddd/000000
156,NullaMollis.xls,http://dummyimage.com/112x132.png/dddddd/000000
157,NisiAtNibh.avi,http://dummyimage.com/148x239.png/dddddd/000000
158,EgetCongue.avi,http://dummyimage.com/228x242.png/cc0000/ffffff
159,ImperdietSapien.mp3,http://dummyimage.com/188x104.png/cc0000/ffffff
160,OdioJustoSollicitudin.ppt,http://dummyimage.com/207x160.png/dddddd/000000
161,PellentesqueQuisque.ppt,http://dummyimage.com/186x228.png/5fa2dd/ffffff
162,TellusIn.xls,http://dummyimage.com/122x221.png/ff4444/ffffff
163,Sed.xls,http://dummyimage.com/234x240.png/cc0000/ffffff
164,NibhIn.ppt,http://dummyimage.com/149x215.png/dddddd/000000
165,PedeAc.mp3,http://dummyimage.com/226x111.png/dddddd/000000
166,DuisMattis.jpeg,http://dummyimage.com/234x210.png/cc0000/ffffff
167,MontesNasceturRidiculus.pdf,http://dummyimage.com/170x238.png/dddddd/000000
168,Placerat.mp3,http://dummyimage.com/195x216.png/cc0000/ffffff
169,ScelerisqueMaurisSit.ppt,http://dummyimage.com/189x103.png/cc0000/ffffff
170,OdioElementumEu.mov,http://dummyimage.com/239x207.png/ff4444/ffffff
171,LeoOdioCondimentum.tiff,http://dummyimage.com/227x223.png/cc0000/ffffff
172,Tempus.xls,http://dummyimage.com/169x146.png/dddddd/000000
173,AcConsequatMetus.mov,http://dummyimage.com/152x208.png/dddddd/000000
174,Sapien.mp3,http://dummyimage.com/162x229.png/cc0000/ffffff
175,NullaNequeLibero.mov,http://dummyimage.com/202x158.png/dddddd/000000
176,UrnaUtTellus.tiff,http://dummyimage.com/169x225.png/dddddd/000000
177,Luctus.xls,http://dummyimage.com/224x190.png/dddddd/000000
178,Quam.gif,http://dummyimage.com/244x144.png/ff4444/ffffff
179,BibendumMorbi.doc,http://dummyimage.com/109x245.png/dddddd/000000
180,HabitassePlatea.tiff,http://dummyimage.com/168x201.png/dddddd/000000
181,AtIpsumAc.mov,http://dummyimage.com/113x220.png/dddddd/000000
182,NullamPorttitor.jpeg,http://dummyimage.com/226x212.png/5fa2dd/ffffff
183,IpsumPrimisIn.txt,http://dummyimage.com/217x148.png/dddddd/000000
184,TristiqueFusce.jpeg,http://dummyimage.com/115x201.png/5fa2dd/ffffff
185,InFaucibusOrci.jpeg,http://dummyimage.com/202x156.png/ff4444/ffffff
186,Aenean.pdf,http://dummyimage.com/167x145.png/cc0000/ffffff
187,Mauris.pdf,http://dummyimage.com/133x165.png/ff4444/ffffff
188,Venenatis.png,http://dummyimage.com/172x159.png/cc0000/ffffff
189,InFaucibusOrci.xls,http://dummyimage.com/201x139.png/dddddd/000000
190,MorbiPorttitorLorem.avi,http://dummyimage.com/228x225.png/dddddd/000000
191,Sed.pdf,http://dummyimage.com/179x247.png/dddddd/000000
192,Vestibulum.jpeg,http://dummyimage.com/135x142.png/ff4444/ffffff
193,PellentesqueVolutpatDui.ppt,http://dummyimage.com/237x100.png/5fa2dd/ffffff
194,NibhQuisqueId.tiff,http://dummyimage.com/241x117.png/dddddd/000000
195,RisusAuctor.gif,http://dummyimage.com/180x153.png/ff4444/ffffff
196,MollisMolestie.avi,http://dummyimage.com/238x144.png/cc0000/ffffff
197,EstDonec.mp3,http://dummyimage.com/222x236.png/5fa2dd/ffffff
198,Sed.pdf,http://dummyimage.com/225x166.png/5fa2dd/ffffff
199,CongueEgetSemper.gif,http://dummyimage.com/152x170.png/ff4444/ffffff
200,Nunc.mp3,http://dummyimage.com/189x209.png/ff4444/ffffff
201,DignissimVestibulum.gif,http://dummyimage.com/106x203.png/cc0000/ffffff
202,Justo.gif,http://dummyimage.com/218x197.png/dddddd/000000
203,Vel.gif,http://dummyimage.com/118x179.png/dddddd/000000
204,TempusSemperEst.ppt,http://dummyimage.com/196x158.png/dddddd/000000
205,Elit.mp3,http://dummyimage.com/159x239.png/dddddd/000000
206,AtFeugiat.mp3,http://dummyimage.com/146x156.png/ff4444/ffffff
207,Non.xls,http://dummyimage.com/215x156.png/cc0000/ffffff
208,NamCongueRisus.tiff,http://dummyimage.com/158x158.png/ff4444/ffffff
209,Vel.doc,http://dummyimage.com/138x120.png/dddddd/000000
210,EleifendLuctusUltricies.pdf,http://dummyimage.com/236x194.png/dddddd/000000
211,Magna.txt,http://dummyimage.com/224x184.png/cc0000/ffffff
212,VivamusVelNulla.jpeg,http://dummyimage.com/232x173.png/dddddd/000000
213,DolorQuisOdio.xls,http://dummyimage.com/118x225.png/dddddd/000000
214,IpsumAcTellus.mpeg,http://dummyimage.com/234x151.png/dddddd/000000
215,UtMassaVolutpat.txt,http://dummyimage.com/161x204.png/5fa2dd/ffffff
216,Mauris.ppt,http://dummyimage.com/192x196.png/cc0000/ffffff
217,Nulla.gif,http://dummyimage.com/138x214.png/cc0000/ffffff
218,NamCongueRisus.mov,http://dummyimage.com/168x124.png/cc0000/ffffff
219,Ut.mov,http://dummyimage.com/213x159.png/ff4444/ffffff
220,QuisLectus.mp3,http://dummyimage.com/187x202.png/cc0000/ffffff
221,IdLuctusNec.avi,http://dummyimage.com/133x233.png/dddddd/000000
222,VariusIntegerAc.avi,http://dummyimage.com/154x193.png/ff4444/ffffff
223,Blandit.mp3,http://dummyimage.com/157x111.png/dddddd/000000
224,InterdumIn.jpeg,http://dummyimage.com/114x183.png/cc0000/ffffff
225,ConsequatLectusIn.mp3,http://dummyimage.com/126x164.png/dddddd/000000
226,Pede.mov,http://dummyimage.com/121x140.png/dddddd/000000
227,EnimLoremIpsum.avi,http://dummyimage.com/171x166.png/ff4444/ffffff
228,RutrumNullaTellus.ppt,http://dummyimage.com/143x168.png/dddddd/000000
229,Porttitor.tiff,http://dummyimage.com/160x131.png/ff4444/ffffff
230,LigulaIn.mp3,http://dummyimage.com/172x108.png/ff4444/ffffff
231,Nisi.ppt,http://dummyimage.com/141x110.png/dddddd/000000
232,CongueEgetSemper.avi,http://dummyimage.com/124x195.png/5fa2dd/ffffff
233,MaurisLaoreetUt.mp3,http://dummyimage.com/197x168.png/5fa2dd/ffffff
234,RhoncusAliquamLacus.jpeg,http://dummyimage.com/177x212.png/ff4444/ffffff
235,DictumstAliquam.mp3,http://dummyimage.com/199x124.png/cc0000/ffffff
236,Vivamus.gif,http://dummyimage.com/127x173.png/5fa2dd/ffffff
237,Donec.mov,http://dummyimage.com/205x213.png/ff4444/ffffff
238,JustoAliquamQuis.avi,http://dummyimage.com/176x233.png/5fa2dd/ffffff
239,Non.mp3,http://dummyimage.com/238x226.png/cc0000/ffffff
240,VenenatisNonSodales.avi,http://dummyimage.com/120x196.png/5fa2dd/ffffff
241,In.jpeg,http://dummyimage.com/200x215.png/dddddd/000000
242,CongueEtiamJusto.mov,http://dummyimage.com/229x134.png/cc0000/ffffff
243,LuctusEt.doc,http://dummyimage.com/138x227.png/cc0000/ffffff
244,Etiam.jpeg,http://dummyimage.com/175x177.png/cc0000/ffffff
245,TristiqueEst.tiff,http://dummyimage.com/149x207.png/ff4444/ffffff
246,Lectus.avi,http://dummyimage.com/227x203.png/ff4444/ffffff
247,Mi.avi,http://dummyimage.com/114x129.png/cc0000/ffffff
248,FermentumJustoNec.mov,http://dummyimage.com/179x248.png/dddddd/000000
249,Quam.mpeg,http://dummyimage.com/119x234.png/5fa2dd/ffffff
250,ElementumEuInterdum.tiff,http://dummyimage.com/210x125.png/5fa2dd/ffffff
251,LuctusEt.xls,http://dummyimage.com/202x241.png/cc0000/ffffff
252,EtiamVel.mp3,http://dummyimage.com/186x245.png/cc0000/ffffff
253,DuiProinLeo.jpeg,http://dummyimage.com/133x126.png/5fa2dd/ffffff
254,CubiliaCurae.avi,http://dummyimage.com/156x184.png/cc0000/ffffff
255,IaculisJusto.ppt,http://dummyimage.com/232x213.png/5fa2dd/ffffff
256,Sed.mp3,http://dummyimage.com/145x224.png/5fa2dd/ffffff
257,VelAccumsan.ppt,http://dummyimage.com/133x248.png/cc0000/ffffff
258,PotentiNullam.xls,http://dummyimage.com/221x234.png/ff4444/ffffff
259,LectusIn.ppt,http://dummyimage.com/156x122.png/dddddd/000000
260,SitAmetLobortis.mov,http://dummyimage.com/138x155.png/dddddd/000000
261,RutrumNulla.avi,http://dummyimage.com/155x192.png/ff4444/ffffff
262,Amet.avi,http://dummyimage.com/208x197.png/dddddd/000000
263,Diam.avi,http://dummyimage.com/215x229.png/dddddd/000000
264,Sed.xls,http://dummyimage.com/213x176.png/dddddd/000000
265,AtDolor.avi,http://dummyimage.com/179x134.png/cc0000/ffffff
266,Maecenas.mov,http://dummyimage.com/140x172.png/dddddd/000000
267,NonMaurisMorbi.txt,http://dummyimage.com/172x107.png/ff4444/ffffff
268,Justo.mp3,http://dummyimage.com/155x223.png/cc0000/ffffff
269,CongueVivamus.tiff,http://dummyimage.com/226x138.png/5fa2dd/ffffff
270,Non.ppt,http://dummyimage.com/148x210.png/dddddd/000000
271,Potenti.txt,http://dummyimage.com/112x232.png/ff4444/ffffff
272,MassaDonecDapibus.ppt,http://dummyimage.com/159x126.png/5fa2dd/ffffff
273,SedJusto.ppt,http://dummyimage.com/184x141.png/cc0000/ffffff
274,MagnaBibendum.avi,http://dummyimage.com/136x205.png/ff4444/ffffff
275,InFaucibus.avi,http://dummyimage.com/149x130.png/dddddd/000000
276,NullaNeque.xls,http://dummyimage.com/192x157.png/5fa2dd/ffffff
277,NequeAeneanAuctor.doc,http://dummyimage.com/135x237.png/ff4444/ffffff
278,PorttitorLacusAt.doc,http://dummyimage.com/122x126.png/ff4444/ffffff
279,CrasPellentesqueVolutpat.ppt,http://dummyimage.com/173x113.png/5fa2dd/ffffff
280,Purus.pdf,http://dummyimage.com/230x137.png/5fa2dd/ffffff
281,UtDolorMorbi.mp3,http://dummyimage.com/139x167.png/cc0000/ffffff
282,OrciLuctusEt.mp3,http://dummyimage.com/117x160.png/5fa2dd/ffffff
283,AliquamQuis.avi,http://dummyimage.com/232x222.png/cc0000/ffffff
284,Duis.xls,http://dummyimage.com/205x231.png/5fa2dd/ffffff
285,QuisqueErat.ppt,http://dummyimage.com/237x108.png/5fa2dd/ffffff
286,PortaVolutpatErat.mov,http://dummyimage.com/199x205.png/5fa2dd/ffffff
287,Pellentesque.avi,http://dummyimage.com/244x177.png/ff4444/ffffff
288,Nulla.ppt,http://dummyimage.com/225x142.png/5fa2dd/ffffff
289,VestibulumSagittisSapien.gif,http://dummyimage.com/245x236.png/5fa2dd/ffffff
290,Dui.mp3,http://dummyimage.com/213x163.png/5fa2dd/ffffff
291,DonecPharetra.jpeg,http://dummyimage.com/237x199.png/ff4444/ffffff
292,Dui.tiff,http://dummyimage.com/129x138.png/cc0000/ffffff
293,PrimisInFaucibus.txt,http://dummyimage.com/141x147.png/5fa2dd/ffffff
294,UltricesAliquet.xls,http://dummyimage.com/103x223.png/dddddd/000000
295,FusceConsequatNulla.tiff,http://dummyimage.com/111x121.png/5fa2dd/ffffff
296,A.png,http://dummyimage.com/202x184.png/dddddd/000000
297,In.ppt,http://dummyimage.com/145x243.png/ff4444/ffffff
298,InTempus.doc,http://dummyimage.com/100x102.png/5fa2dd/ffffff
299,Velit.png,http://dummyimage.com/164x160.png/5fa2dd/ffffff
300,DuiNec.mp3,http://dummyimage.com/240x123.png/ff4444/ffffff
301,Varius.jpeg,http://dummyimage.com/164x157.png/dddddd/000000
302,Dolor.mp3,http://dummyimage.com/182x243.png/cc0000/ffffff
303,AnteIpsumPrimis.xls,http://dummyimage.com/176x219.png/5fa2dd/ffffff
304,Accumsan.pdf,http://dummyimage.com/138x210.png/cc0000/ffffff
305,IntegerNonVelit.tiff,http://dummyimage.com/198x165.png/ff4444/ffffff
306,Volutpat.mov,http://dummyimage.com/143x184.png/dddddd/000000
307,VelEnim.ppt,http://dummyimage.com/208x178.png/dddddd/000000
308,PrimisInFaucibus.mov,http://dummyimage.com/125x103.png/5fa2dd/ffffff
309,AdipiscingMolestieHendrerit.txt,http://dummyimage.com/212x215.png/cc0000/ffffff
310,CubiliaCurae.ppt,http://dummyimage.com/104x178.png/5fa2dd/ffffff
311,MaecenasTristique.png,http://dummyimage.com/166x182.png/ff4444/ffffff
312,Tortor.gif,http://dummyimage.com/230x162.png/5fa2dd/ffffff
313,MalesuadaInImperdiet.mp3,http://dummyimage.com/121x244.png/cc0000/ffffff
314,SuscipitLigulaIn.avi,http://dummyimage.com/105x218.png/dddddd/000000
315,DiamNeque.avi,http://dummyimage.com/127x144.png/5fa2dd/ffffff
316,AliquetMaecenas.tiff,http://dummyimage.com/105x165.png/5fa2dd/ffffff
317,MaurisEget.avi,http://dummyimage.com/113x190.png/5fa2dd/ffffff
318,JustoMaecenas.mpeg,http://dummyimage.com/128x218.png/dddddd/000000
319,InHacHabitasse.doc,http://dummyimage.com/179x133.png/ff4444/ffffff
320,Consequat.xls,http://dummyimage.com/148x158.png/5fa2dd/ffffff
321,EstEt.txt,http://dummyimage.com/158x240.png/dddddd/000000
322,Tortor.xls,http://dummyimage.com/105x130.png/cc0000/ffffff
323,EtiamFaucibus.ppt,http://dummyimage.com/136x112.png/dddddd/000000
324,UltricesAliquet.mp3,http://dummyimage.com/238x169.png/cc0000/ffffff
325,In.xls,http://dummyimage.com/212x160.png/ff4444/ffffff
326,ConvallisEget.ppt,http://dummyimage.com/163x112.png/cc0000/ffffff
327,DiamNam.doc,http://dummyimage.com/186x108.png/ff4444/ffffff
328,ArcuSedAugue.mp3,http://dummyimage.com/156x135.png/dddddd/000000
329,EgetTempus.mov,http://dummyimage.com/103x208.png/cc0000/ffffff
330,Donec.doc,http://dummyimage.com/199x166.png/ff4444/ffffff
331,AtTurpisDonec.png,http://dummyimage.com/244x232.png/ff4444/ffffff
332,RhoncusAliquet.ppt,http://dummyimage.com/100x110.png/ff4444/ffffff
333,Est.ppt,http://dummyimage.com/143x153.png/5fa2dd/ffffff
334,EuFelis.avi,http://dummyimage.com/157x169.png/5fa2dd/ffffff
335,Nunc.gif,http://dummyimage.com/207x222.png/ff4444/ffffff
336,PenatibusEtMagnis.ppt,http://dummyimage.com/131x182.png/dddddd/000000
337,Non.tiff,http://dummyimage.com/188x202.png/dddddd/000000
338,VariusUtBlandit.txt,http://dummyimage.com/198x153.png/cc0000/ffffff
339,CommodoPlaceratPraesent.tiff,http://dummyimage.com/109x246.png/5fa2dd/ffffff
340,SemPraesent.tiff,http://dummyimage.com/216x106.png/cc0000/ffffff
341,DuisAt.avi,http://dummyimage.com/178x229.png/5fa2dd/ffffff
342,PretiumIaculis.ppt,http://dummyimage.com/139x134.png/5fa2dd/ffffff
343,Mauris.avi,http://dummyimage.com/236x137.png/ff4444/ffffff
344,Vitae.mpeg,http://dummyimage.com/221x158.png/ff4444/ffffff
345,LeoMaecenasPulvinar.txt,http://dummyimage.com/143x193.png/cc0000/ffffff
346,Odio.png,http://dummyimage.com/192x109.png/dddddd/000000
347,NislVenenatis.pdf,http://dummyimage.com/240x215.png/cc0000/ffffff
348,EuSapienCursus.mp3,http://dummyimage.com/175x250.png/5fa2dd/ffffff
349,Euismod.ppt,http://dummyimage.com/159x223.png/5fa2dd/ffffff
350,TortorRisus.avi,http://dummyimage.com/184x242.png/5fa2dd/ffffff
351,Elit.mp3,http://dummyimage.com/233x130.png/ff4444/ffffff
352,Tristique.avi,http://dummyimage.com/120x186.png/cc0000/ffffff
353,Nam.gif,http://dummyimage.com/240x120.png/cc0000/ffffff
354,JustoLaciniaEget.mp3,http://dummyimage.com/204x122.png/5fa2dd/ffffff
355,NuncVestibulumAnte.mp3,http://dummyimage.com/126x118.png/cc0000/ffffff
356,SollicitudinMi.xls,http://dummyimage.com/160x226.png/5fa2dd/ffffff
357,AdipiscingLoremVitae.ppt,http://dummyimage.com/171x127.png/5fa2dd/ffffff
358,SedAnteVivamus.ppt,http://dummyimage.com/149x119.png/dddddd/000000
359,IdPretiumIaculis.jpeg,http://dummyimage.com/150x198.png/ff4444/ffffff
360,EstPhasellusSit.avi,http://dummyimage.com/194x153.png/dddddd/000000
361,Parturient.jpeg,http://dummyimage.com/219x171.png/cc0000/ffffff
362,Duis.xls,http://dummyimage.com/206x168.png/ff4444/ffffff
363,IpsumAcTellus.ppt,http://dummyimage.com/150x117.png/dddddd/000000
364,LaoreetUt.avi,http://dummyimage.com/181x229.png/ff4444/ffffff
365,ImperdietNullam.pdf,http://dummyimage.com/209x181.png/cc0000/ffffff
366,Rhoncus.avi,http://dummyimage.com/139x250.png/ff4444/ffffff
367,VestibulumEgetVulputate.xls,http://dummyimage.com/218x143.png/5fa2dd/ffffff
368,Mus.avi,http://dummyimage.com/249x198.png/cc0000/ffffff
369,Urna.png,http://dummyimage.com/178x190.png/dddddd/000000
370,NonummyMaecenasTincidunt.ppt,http://dummyimage.com/122x239.png/cc0000/ffffff
371,LacusAtVelit.avi,http://dummyimage.com/191x115.png/5fa2dd/ffffff
372,Felis.tiff,http://dummyimage.com/193x158.png/cc0000/ffffff
373,UltricesMattisOdio.txt,http://dummyimage.com/215x214.png/dddddd/000000
374,Sem.mpeg,http://dummyimage.com/232x182.png/dddddd/000000
375,IpsumPrimisIn.jpeg,http://dummyimage.com/243x245.png/ff4444/ffffff
376,Sit.tiff,http://dummyimage.com/195x160.png/5fa2dd/ffffff
377,PedeLobortisLigula.avi,http://dummyimage.com/209x174.png/dddddd/000000
378,Quis.mpeg,http://dummyimage.com/232x182.png/5fa2dd/ffffff
379,Ut.avi,http://dummyimage.com/197x209.png/5fa2dd/ffffff
380,SemperInterdum.gif,http://dummyimage.com/194x107.png/ff4444/ffffff
381,FermentumJusto.xls,http://dummyimage.com/103x201.png/dddddd/000000
382,NamDui.xls,http://dummyimage.com/148x211.png/ff4444/ffffff
383,Mattis.tiff,http://dummyimage.com/223x115.png/dddddd/000000
384,LectusVestibulumQuam.jpeg,http://dummyimage.com/154x247.png/ff4444/ffffff
385,Primis.ppt,http://dummyimage.com/130x140.png/dddddd/000000
386,Tristique.tiff,http://dummyimage.com/147x100.png/5fa2dd/ffffff
387,TellusInSagittis.tiff,http://dummyimage.com/184x139.png/5fa2dd/ffffff
388,Venenatis.jpeg,http://dummyimage.com/192x187.png/dddddd/000000
389,QuamSuspendissePotenti.gif,http://dummyimage.com/158x118.png/cc0000/ffffff
390,BlanditNon.png,http://dummyimage.com/243x156.png/5fa2dd/ffffff
391,AtDolor.ppt,http://dummyimage.com/121x160.png/5fa2dd/ffffff
392,Potenti.png,http://dummyimage.com/115x155.png/dddddd/000000
393,MagnaBibendum.mp3,http://dummyimage.com/210x170.png/dddddd/000000
394,EratVolutpatIn.mp3,http://dummyimage.com/234x224.png/5fa2dd/ffffff
395,PlateaDictumst.xls,http://dummyimage.com/115x151.png/dddddd/000000
396,DolorSitAmet.png,http://dummyimage.com/107x216.png/5fa2dd/ffffff
397,SedTinciduntEu.avi,http://dummyimage.com/124x166.png/ff4444/ffffff
398,LuctusEtUltrices.pdf,http://dummyimage.com/179x206.png/ff4444/ffffff
399,EnimLeo.xls,http://dummyimage.com/109x188.png/ff4444/ffffff
400,NullaJustoAliquam.png,http://dummyimage.com/214x180.png/cc0000/ffffff
401,CrasInPurus.xls,http://dummyimage.com/131x131.png/5fa2dd/ffffff
402,Orci.mp3,http://dummyimage.com/135x210.png/dddddd/000000
403,EuMassaDonec.mp3,http://dummyimage.com/199x188.png/5fa2dd/ffffff
404,QuisqueId.ppt,http://dummyimage.com/165x212.png/ff4444/ffffff
405,OrciPede.mpeg,http://dummyimage.com/237x212.png/dddddd/000000
406,IpsumIntegerA.ppt,http://dummyimage.com/188x191.png/dddddd/000000
407,VestibulumSitAmet.jpeg,http://dummyimage.com/167x217.png/ff4444/ffffff
408,VelAugueVestibulum.mpeg,http://dummyimage.com/210x114.png/cc0000/ffffff
409,Duis.ppt,http://dummyimage.com/147x191.png/cc0000/ffffff
410,Eu.gif,http://dummyimage.com/197x240.png/cc0000/ffffff
411,Eu.xls,http://dummyimage.com/143x132.png/5fa2dd/ffffff
412,SapienVarius.doc,http://dummyimage.com/225x218.png/5fa2dd/ffffff
413,Ac.xls,http://dummyimage.com/223x163.png/ff4444/ffffff
414,JustoSitAmet.mp3,http://dummyimage.com/174x140.png/ff4444/ffffff
415,NecEuismodScelerisque.mov,http://dummyimage.com/139x223.png/ff4444/ffffff
416,SemDuis.xls,http://dummyimage.com/223x200.png/dddddd/000000
417,AcNibhFusce.jpeg,http://dummyimage.com/235x207.png/5fa2dd/ffffff
418,Metus.ppt,http://dummyimage.com/100x225.png/5fa2dd/ffffff
419,MolestieHendreritAt.avi,http://dummyimage.com/182x127.png/cc0000/ffffff
420,Eu.avi,http://dummyimage.com/195x141.png/dddddd/000000
421,NullaUtErat.ppt,http://dummyimage.com/124x248.png/dddddd/000000
422,Tellus.avi,http://dummyimage.com/158x180.png/dddddd/000000
423,AtLoremInteger.mp3,http://dummyimage.com/114x234.png/5fa2dd/ffffff
424,Magna.mpeg,http://dummyimage.com/228x224.png/dddddd/000000
425,Sagittis.avi,http://dummyimage.com/110x247.png/5fa2dd/ffffff
426,ParturientMontesNascetur.mp3,http://dummyimage.com/118x210.png/ff4444/ffffff
427,DictumstEtiamFaucibus.txt,http://dummyimage.com/237x180.png/dddddd/000000
428,PellentesqueViverra.png,http://dummyimage.com/105x116.png/cc0000/ffffff
429,NequeDuis.avi,http://dummyimage.com/219x233.png/dddddd/000000
430,In.mov,http://dummyimage.com/170x201.png/ff4444/ffffff
431,AliquetUltricesErat.png,http://dummyimage.com/235x118.png/5fa2dd/ffffff
432,VelitVivamus.tiff,http://dummyimage.com/242x179.png/dddddd/000000
433,Faucibus.png,http://dummyimage.com/208x135.png/5fa2dd/ffffff
434,Amet.mp3,http://dummyimage.com/237x210.png/ff4444/ffffff
435,IdNisl.xls,http://dummyimage.com/120x250.png/5fa2dd/ffffff
436,Justo.mpeg,http://dummyimage.com/186x224.png/ff4444/ffffff
437,SapienCum.avi,http://dummyimage.com/117x167.png/5fa2dd/ffffff
438,InLacusCurabitur.ppt,http://dummyimage.com/216x179.png/5fa2dd/ffffff
439,EstCongueElementum.mp3,http://dummyimage.com/145x239.png/ff4444/ffffff
440,TempusVel.tiff,http://dummyimage.com/248x137.png/ff4444/ffffff
441,Lacinia.mp3,http://dummyimage.com/208x185.png/dddddd/000000
442,DictumstMaecenasUt.ppt,http://dummyimage.com/113x145.png/5fa2dd/ffffff
443,Nibh.xls,http://dummyimage.com/149x163.png/5fa2dd/ffffff
444,Orci.xls,http://dummyimage.com/182x105.png/5fa2dd/ffffff
445,TortorRisus.ppt,http://dummyimage.com/170x154.png/dddddd/000000
446,IpsumPrimis.png,http://dummyimage.com/150x141.png/cc0000/ffffff
447,JustoNecCondimentum.mpeg,http://dummyimage.com/149x144.png/dddddd/000000
448,Rhoncus.avi,http://dummyimage.com/236x203.png/dddddd/000000
449,Pellentesque.tiff,http://dummyimage.com/100x218.png/5fa2dd/ffffff
450,LectusPellentesqueAt.ppt,http://dummyimage.com/236x124.png/dddddd/000000
451,AliquamErat.ppt,http://dummyimage.com/169x122.png/5fa2dd/ffffff
452,ParturientMontes.avi,http://dummyimage.com/152x169.png/dddddd/000000
453,Donec.png,http://dummyimage.com/136x138.png/5fa2dd/ffffff
454,Vel.txt,http://dummyimage.com/187x247.png/5fa2dd/ffffff
455,NisiAtNibh.jpeg,http://dummyimage.com/156x108.png/dddddd/000000
456,Magna.ppt,http://dummyimage.com/163x245.png/5fa2dd/ffffff
457,IntegerAcLeo.tiff,http://dummyimage.com/158x119.png/5fa2dd/ffffff
458,EuEstCongue.gif,http://dummyimage.com/242x116.png/cc0000/ffffff
459,Turpis.ppt,http://dummyimage.com/140x110.png/cc0000/ffffff
460,FaucibusAccumsan.xls,http://dummyimage.com/211x238.png/cc0000/ffffff
461,PulvinarNulla.tiff,http://dummyimage.com/179x133.png/dddddd/000000
462,Suscipit.doc,http://dummyimage.com/169x110.png/dddddd/000000
463,EnimIn.mpeg,http://dummyimage.com/188x180.png/dddddd/000000
464,In.jpeg,http://dummyimage.com/223x159.png/5fa2dd/ffffff
465,ConvallisEget.mp3,http://dummyimage.com/146x121.png/ff4444/ffffff
466,SapienUtNunc.avi,http://dummyimage.com/222x205.png/dddddd/000000
467,PulvinarSedNisl.mp3,http://dummyimage.com/229x137.png/dddddd/000000
468,NislDuis.mov,http://dummyimage.com/206x187.png/ff4444/ffffff
469,PotentiNullamPorttitor.ppt,http://dummyimage.com/182x193.png/cc0000/ffffff
470,Integer.mp3,http://dummyimage.com/220x244.png/5fa2dd/ffffff
471,Elit.avi,http://dummyimage.com/175x178.png/cc0000/ffffff
472,UtMassaQuis.mp3,http://dummyimage.com/107x151.png/5fa2dd/ffffff
473,TristiqueFusce.xls,http://dummyimage.com/152x177.png/5fa2dd/ffffff
474,Eget.ppt,http://dummyimage.com/123x245.png/5fa2dd/ffffff
475,PortaVolutpatErat.tiff,http://dummyimage.com/147x185.png/ff4444/ffffff
476,ProinInterdum.avi,http://dummyimage.com/162x212.png/dddddd/000000
477,Sed.mp3,http://dummyimage.com/159x101.png/cc0000/ffffff
478,Neque.avi,http://dummyimage.com/145x207.png/cc0000/ffffff
479,QuamFringillaRhoncus.avi,http://dummyimage.com/112x184.png/ff4444/ffffff
480,NibhIn.tiff,http://dummyimage.com/109x174.png/ff4444/ffffff
481,JustoSit.txt,http://dummyimage.com/181x104.png/ff4444/ffffff
482,EstCongueElementum.png,http://dummyimage.com/237x108.png/5fa2dd/ffffff
483,UltricesMattisOdio.avi,http://dummyimage.com/115x109.png/dddddd/000000
484,QuisOrci.jpeg,http://dummyimage.com/194x238.png/ff4444/ffffff
485,TristiqueFusceCongue.jpeg,http://dummyimage.com/149x166.png/ff4444/ffffff
486,Molestie.pdf,http://dummyimage.com/226x124.png/dddddd/000000
487,JustoEtiamPretium.jpeg,http://dummyimage.com/110x236.png/cc0000/ffffff
488,AcNibh.avi,http://dummyimage.com/195x178.png/dddddd/000000
489,AcTellus.gif,http://dummyimage.com/123x146.png/dddddd/000000
490,UltricesMattisOdio.tiff,http://dummyimage.com/197x145.png/cc0000/ffffff
491,UtMassa.mp3,http://dummyimage.com/136x103.png/ff4444/ffffff
492,AcConsequatMetus.jpeg,http://dummyimage.com/135x184.png/ff4444/ffffff
493,A.pdf,http://dummyimage.com/102x110.png/dddddd/000000
494,UtErat.mp3,http://dummyimage.com/188x108.png/cc0000/ffffff
495,Neque.ppt,http://dummyimage.com/205x194.png/dddddd/000000
496,PellentesqueUltrices.gif,http://dummyimage.com/244x201.png/ff4444/ffffff
497,AuctorGravida.jpeg,http://dummyimage.com/199x115.png/5fa2dd/ffffff
498,EratId.ppt,http://dummyimage.com/158x249.png/dddddd/000000
499,MontesNasceturRidiculus.txt,http://dummyimage.com/143x213.png/dddddd/000000
500,Rutrum.jpeg,http://dummyimage.com/189x134.png/ff4444/ffffff
501,Sem.avi,http://dummyimage.com/196x192.png/cc0000/ffffff
502,UtNullaSed.tiff,http://dummyimage.com/226x140.png/ff4444/ffffff
503,VolutpatDuiMaecenas.tiff,http://dummyimage.com/219x127.png/ff4444/ffffff
504,NullaSed.txt,http://dummyimage.com/217x107.png/5fa2dd/ffffff
505,PedeLobortis.pdf,http://dummyimage.com/169x123.png/5fa2dd/ffffff
506,Ante.avi,http://dummyimage.com/223x185.png/cc0000/ffffff
507,BlanditLaciniaErat.doc,http://dummyimage.com/191x235.png/5fa2dd/ffffff
508,OrciNullamMolestie.ppt,http://dummyimage.com/176x125.png/ff4444/ffffff
509,Sed.pdf,http://dummyimage.com/189x250.png/ff4444/ffffff
510,PhasellusIn.ppt,http://dummyimage.com/112x147.png/ff4444/ffffff
511,Suspendisse.tiff,http://dummyimage.com/238x116.png/5fa2dd/ffffff
512,AtFeugiatNon.jpeg,http://dummyimage.com/191x186.png/ff4444/ffffff
513,RisusAuctor.ppt,http://dummyimage.com/210x141.png/cc0000/ffffff
514,VitaeQuam.doc,http://dummyimage.com/201x181.png/cc0000/ffffff
515,FeugiatEt.ppt,http://dummyimage.com/144x136.png/dddddd/000000
516,Dapibus.tiff,http://dummyimage.com/186x173.png/dddddd/000000
517,IntegerAc.mp3,http://dummyimage.com/157x102.png/ff4444/ffffff
518,PurusSitAmet.jpeg,http://dummyimage.com/152x221.png/ff4444/ffffff
519,NisiVulputateNonummy.tiff,http://dummyimage.com/226x177.png/cc0000/ffffff
520,ConvallisDuis.avi,http://dummyimage.com/113x140.png/5fa2dd/ffffff
521,HendreritAt.avi,http://dummyimage.com/119x160.png/ff4444/ffffff
522,MorbiUt.jpeg,http://dummyimage.com/227x210.png/ff4444/ffffff
523,Tortor.png,http://dummyimage.com/170x214.png/dddddd/000000
524,NuncDonecQuis.tiff,http://dummyimage.com/100x223.png/5fa2dd/ffffff
525,SagittisSapien.xls,http://dummyimage.com/204x201.png/dddddd/000000
526,Feugiat.avi,http://dummyimage.com/131x227.png/ff4444/ffffff
527,Nibh.ppt,http://dummyimage.com/250x165.png/5fa2dd/ffffff
528,LaciniaEratVestibulum.avi,http://dummyimage.com/198x149.png/dddddd/000000
529,Duis.ppt,http://dummyimage.com/155x116.png/dddddd/000000
530,NislVenenatisLacinia.doc,http://dummyimage.com/189x154.png/5fa2dd/ffffff
531,LaoreetUt.avi,http://dummyimage.com/211x174.png/dddddd/000000
532,NullaMollis.mpeg,http://dummyimage.com/217x160.png/ff4444/ffffff
533,EratFermentumJusto.xls,http://dummyimage.com/214x227.png/cc0000/ffffff
534,Mattis.mp3,http://dummyimage.com/170x155.png/dddddd/000000
535,NonPretium.ppt,http://dummyimage.com/133x234.png/dddddd/000000
536,Eleifend.avi,http://dummyimage.com/100x186.png/dddddd/000000
537,PlateaDictumstMorbi.jpeg,http://dummyimage.com/211x244.png/dddddd/000000
538,ConsequatMorbiA.mp3,http://dummyimage.com/228x222.png/cc0000/ffffff
539,RhoncusAliquamLacus.avi,http://dummyimage.com/126x186.png/5fa2dd/ffffff
540,TurpisNec.xls,http://dummyimage.com/248x150.png/cc0000/ffffff
541,Magna.mov,http://dummyimage.com/136x164.png/5fa2dd/ffffff
542,OrciVehiculaCondimentum.avi,http://dummyimage.com/105x173.png/cc0000/ffffff
543,IaculisCongueVivamus.ppt,http://dummyimage.com/167x180.png/dddddd/000000
544,Nulla.mpeg,http://dummyimage.com/192x218.png/dddddd/000000
545,PraesentIdMassa.doc,http://dummyimage.com/227x212.png/dddddd/000000
546,In.ppt,http://dummyimage.com/225x188.png/5fa2dd/ffffff
547,NonLectusAliquam.ppt,http://dummyimage.com/201x217.png/5fa2dd/ffffff
548,IntegerPede.xls,http://dummyimage.com/141x160.png/5fa2dd/ffffff
549,DapibusAugue.jpeg,http://dummyimage.com/157x139.png/cc0000/ffffff
550,FaucibusAccumsan.jpeg,http://dummyimage.com/119x214.png/5fa2dd/ffffff
551,NequeAeneanAuctor.avi,http://dummyimage.com/249x244.png/dddddd/000000
552,NecEuismodScelerisque.ppt,http://dummyimage.com/173x142.png/ff4444/ffffff
553,CuraeDonecPharetra.avi,http://dummyimage.com/142x228.png/cc0000/ffffff
554,ParturientMontes.txt,http://dummyimage.com/237x145.png/dddddd/000000
555,Tempor.mov,http://dummyimage.com/162x215.png/5fa2dd/ffffff
556,Vel.ppt,http://dummyimage.com/231x120.png/cc0000/ffffff
557,Arcu.mpeg,http://dummyimage.com/236x127.png/5fa2dd/ffffff
558,Libero.ppt,http://dummyimage.com/196x131.png/5fa2dd/ffffff
559,QuisTortor.mp3,http://dummyimage.com/129x180.png/5fa2dd/ffffff
560,QuisTurpis.tiff,http://dummyimage.com/237x227.png/ff4444/ffffff
561,LectusPellentesqueEget.tiff,http://dummyimage.com/179x218.png/cc0000/ffffff
562,AmetConsectetuer.txt,http://dummyimage.com/103x236.png/cc0000/ffffff
563,CrasNonVelit.txt,http://dummyimage.com/227x241.png/5fa2dd/ffffff
564,Maecenas.avi,http://dummyimage.com/192x165.png/dddddd/000000
565,Molestie.mov,http://dummyimage.com/244x169.png/5fa2dd/ffffff
566,Vel.xls,http://dummyimage.com/113x148.png/ff4444/ffffff
567,SuscipitLigula.gif,http://dummyimage.com/197x106.png/5fa2dd/ffffff
568,Ac.avi,http://dummyimage.com/215x197.png/cc0000/ffffff
569,CongueVivamus.png,http://dummyimage.com/177x169.png/cc0000/ffffff
570,UtMassa.tiff,http://dummyimage.com/118x203.png/cc0000/ffffff
571,Sed.pdf,http://dummyimage.com/106x214.png/dddddd/000000
572,LectusInEst.doc,http://dummyimage.com/111x222.png/dddddd/000000
573,MagnaAtNunc.mpeg,http://dummyimage.com/103x176.png/cc0000/ffffff
574,Nulla.avi,http://dummyimage.com/198x134.png/ff4444/ffffff
575,VulputateNonummyMaecenas.avi,http://dummyimage.com/148x183.png/cc0000/ffffff
576,Consequat.mp3,http://dummyimage.com/155x104.png/cc0000/ffffff
577,Dictumst.pdf,http://dummyimage.com/176x243.png/cc0000/ffffff
578,Nonummy.avi,http://dummyimage.com/208x159.png/cc0000/ffffff
579,ElitSodalesScelerisque.pdf,http://dummyimage.com/241x128.png/cc0000/ffffff
580,Maecenas.ppt,http://dummyimage.com/210x190.png/5fa2dd/ffffff
581,VelNislDuis.tiff,http://dummyimage.com/127x149.png/dddddd/000000
582,Id.avi,http://dummyimage.com/139x197.png/5fa2dd/ffffff
583,TinciduntAnte.avi,http://dummyimage.com/190x132.png/dddddd/000000
584,Donec.png,http://dummyimage.com/243x166.png/cc0000/ffffff
585,TristiqueTortorEu.txt,http://dummyimage.com/206x170.png/dddddd/000000
586,NuncCommodoPlacerat.jpeg,http://dummyimage.com/245x134.png/5fa2dd/ffffff
587,TellusNisiEu.txt,http://dummyimage.com/144x240.png/cc0000/ffffff
588,EgetTincidunt.txt,http://dummyimage.com/114x160.png/cc0000/ffffff
589,Est.txt,http://dummyimage.com/245x232.png/ff4444/ffffff
590,Nullam.mpeg,http://dummyimage.com/240x220.png/cc0000/ffffff
591,Elementum.pdf,http://dummyimage.com/250x114.png/cc0000/ffffff
592,Primis.mp3,http://dummyimage.com/128x162.png/cc0000/ffffff
593,AtNibhIn.jpeg,http://dummyimage.com/139x111.png/ff4444/ffffff
594,TempusVivamus.xls,http://dummyimage.com/149x177.png/dddddd/000000
595,Posuere.avi,http://dummyimage.com/198x134.png/cc0000/ffffff
596,SagittisNamCongue.xls,http://dummyimage.com/124x199.png/cc0000/ffffff
597,MaurisLaoreetUt.xls,http://dummyimage.com/208x119.png/dddddd/000000
598,PenatibusEtMagnis.mpeg,http://dummyimage.com/120x211.png/dddddd/000000
599,Arcu.mov,http://dummyimage.com/115x161.png/cc0000/ffffff
600,ConsequatUtNulla.txt,http://dummyimage.com/106x217.png/5fa2dd/ffffff
601,MattisOdioDonec.tiff,http://dummyimage.com/157x189.png/5fa2dd/ffffff
602,TellusNullaUt.avi,http://dummyimage.com/158x146.png/5fa2dd/ffffff
603,MorbiNonLectus.ppt,http://dummyimage.com/173x235.png/ff4444/ffffff
604,Quisque.mp3,http://dummyimage.com/156x197.png/cc0000/ffffff
605,Maecenas.avi,http://dummyimage.com/147x102.png/5fa2dd/ffffff
606,AuctorSed.tiff,http://dummyimage.com/229x212.png/5fa2dd/ffffff
607,Eget.jpeg,http://dummyimage.com/153x227.png/cc0000/ffffff
608,Ipsum.jpeg,http://dummyimage.com/192x145.png/5fa2dd/ffffff
609,PosuereCubilia.avi,http://dummyimage.com/163x147.png/dddddd/000000
610,Nibh.ppt,http://dummyimage.com/123x146.png/cc0000/ffffff
611,QuisqueArcu.pdf,http://dummyimage.com/216x183.png/dddddd/000000
612,ArcuSed.mov,http://dummyimage.com/224x175.png/ff4444/ffffff
613,OrnareConsequat.pdf,http://dummyimage.com/137x193.png/cc0000/ffffff
614,AcEnim.xls,http://dummyimage.com/246x138.png/5fa2dd/ffffff
615,Mattis.png,http://dummyimage.com/122x172.png/cc0000/ffffff
616,UtRhoncusAliquet.mpeg,http://dummyimage.com/202x200.png/cc0000/ffffff
617,MolestieLorem.jpeg,http://dummyimage.com/219x128.png/ff4444/ffffff
618,LaciniaEgetTincidunt.txt,http://dummyimage.com/120x216.png/5fa2dd/ffffff
619,DonecPharetra.jpeg,http://dummyimage.com/232x174.png/ff4444/ffffff
620,OdioIn.jpeg,http://dummyimage.com/132x162.png/cc0000/ffffff
621,Lacus.xls,http://dummyimage.com/167x160.png/ff4444/ffffff
622,Tempus.mp3,http://dummyimage.com/237x151.png/dddddd/000000
623,OrciMaurisLacinia.pdf,http://dummyimage.com/189x165.png/ff4444/ffffff
624,Non.xls,http://dummyimage.com/164x131.png/5fa2dd/ffffff
625,MetusArcu.xls,http://dummyimage.com/217x210.png/ff4444/ffffff
626,Pharetra.mov,http://dummyimage.com/114x239.png/dddddd/000000
627,Semper.txt,http://dummyimage.com/101x195.png/cc0000/ffffff
628,Mauris.mpeg,http://dummyimage.com/187x250.png/cc0000/ffffff
629,NecNisiVulputate.xls,http://dummyimage.com/201x119.png/dddddd/000000
630,Tempus.mp3,http://dummyimage.com/113x201.png/dddddd/000000
631,CursusIdTurpis.xls,http://dummyimage.com/120x211.png/5fa2dd/ffffff
632,Lacinia.ppt,http://dummyimage.com/183x178.png/dddddd/000000
633,ElementumLigulaVehicula.mp3,http://dummyimage.com/152x153.png/ff4444/ffffff
634,Est.mpeg,http://dummyimage.com/183x141.png/ff4444/ffffff
635,SitAmetConsectetuer.avi,http://dummyimage.com/219x162.png/dddddd/000000
636,Lobortis.avi,http://dummyimage.com/219x136.png/cc0000/ffffff
637,Ipsum.gif,http://dummyimage.com/216x205.png/dddddd/000000
638,Justo.jpeg,http://dummyimage.com/233x183.png/5fa2dd/ffffff
639,AnteVel.ppt,http://dummyimage.com/133x205.png/dddddd/000000
640,DonecOdio.mp3,http://dummyimage.com/209x187.png/ff4444/ffffff
641,EratIdMauris.mov,http://dummyimage.com/173x205.png/ff4444/ffffff
642,Aliquam.mp3,http://dummyimage.com/194x144.png/ff4444/ffffff
643,NullaSuspendissePotenti.avi,http://dummyimage.com/217x103.png/cc0000/ffffff
644,Erat.pdf,http://dummyimage.com/139x243.png/ff4444/ffffff
645,Pellentesque.ppt,http://dummyimage.com/182x150.png/cc0000/ffffff
646,SociisNatoquePenatibus.xls,http://dummyimage.com/210x138.png/dddddd/000000
647,UltricesVel.png,http://dummyimage.com/214x231.png/ff4444/ffffff
648,QuisAugue.avi,http://dummyimage.com/198x173.png/dddddd/000000
649,Interdum.avi,http://dummyimage.com/243x107.png/dddddd/000000
650,LuctusUltricies.mp3,http://dummyimage.com/216x135.png/dddddd/000000
651,PhasellusSit.doc,http://dummyimage.com/165x124.png/5fa2dd/ffffff
652,In.ppt,http://dummyimage.com/122x234.png/cc0000/ffffff
653,Convallis.mp3,http://dummyimage.com/121x224.png/ff4444/ffffff
654,DuisAliquam.avi,http://dummyimage.com/143x118.png/cc0000/ffffff
655,InLectus.jpeg,http://dummyimage.com/116x176.png/dddddd/000000
656,Id.avi,http://dummyimage.com/220x247.png/5fa2dd/ffffff
657,Donec.mpeg,http://dummyimage.com/166x246.png/5fa2dd/ffffff
658,ConsequatDuiNec.xls,http://dummyimage.com/142x114.png/cc0000/ffffff
659,AliquamQuis.xls,http://dummyimage.com/133x238.png/ff4444/ffffff
660,RutrumAtLorem.mp3,http://dummyimage.com/247x166.png/5fa2dd/ffffff
661,GravidaSemPraesent.avi,http://dummyimage.com/114x153.png/ff4444/ffffff
662,NullaEget.mp3,http://dummyimage.com/232x176.png/ff4444/ffffff
663,Nonummy.tiff,http://dummyimage.com/100x192.png/ff4444/ffffff
664,TortorSollicitudin.xls,http://dummyimage.com/175x239.png/ff4444/ffffff
665,Non.tiff,http://dummyimage.com/147x167.png/ff4444/ffffff
666,UtVolutpat.tiff,http://dummyimage.com/110x208.png/dddddd/000000
667,IaculisJustoIn.pdf,http://dummyimage.com/111x169.png/5fa2dd/ffffff
668,Sed.mp3,http://dummyimage.com/239x201.png/dddddd/000000
669,AnteVel.avi,http://dummyimage.com/112x125.png/ff4444/ffffff
670,FaucibusAccumsanOdio.doc,http://dummyimage.com/188x230.png/cc0000/ffffff
671,InFelis.jpeg,http://dummyimage.com/141x228.png/ff4444/ffffff
672,NullaNunc.mp3,http://dummyimage.com/151x195.png/dddddd/000000
673,Elit.avi,http://dummyimage.com/182x231.png/dddddd/000000
674,SitAmet.xls,http://dummyimage.com/170x183.png/ff4444/ffffff
675,NullaUltricesAliquet.xls,http://dummyimage.com/185x114.png/cc0000/ffffff
676,LuctusTinciduntNulla.avi,http://dummyimage.com/235x148.png/5fa2dd/ffffff
677,Odio.avi,http://dummyimage.com/186x235.png/cc0000/ffffff
678,SollicitudinMiSit.avi,http://dummyimage.com/214x163.png/cc0000/ffffff
679,Mus.jpeg,http://dummyimage.com/126x175.png/5fa2dd/ffffff
680,CongueRisus.mp3,http://dummyimage.com/242x177.png/ff4444/ffffff
681,Nulla.mp3,http://dummyimage.com/223x227.png/dddddd/000000
682,EgetSemper.pdf,http://dummyimage.com/193x231.png/ff4444/ffffff
683,SitAmetConsectetuer.mp3,http://dummyimage.com/192x106.png/5fa2dd/ffffff
684,ElementumIn.mp3,http://dummyimage.com/178x250.png/ff4444/ffffff
685,InBlandit.avi,http://dummyimage.com/138x113.png/ff4444/ffffff
686,InHac.mp3,http://dummyimage.com/221x121.png/ff4444/ffffff
687,Lobortis.ppt,http://dummyimage.com/207x173.png/5fa2dd/ffffff
688,FusceLacusPurus.xls,http://dummyimage.com/179x161.png/cc0000/ffffff
689,Ipsum.jpeg,http://dummyimage.com/180x112.png/5fa2dd/ffffff
690,Neque.mp3,http://dummyimage.com/214x107.png/ff4444/ffffff
691,AtTurpis.avi,http://dummyimage.com/204x171.png/ff4444/ffffff
692,Curae.mp3,http://dummyimage.com/124x167.png/5fa2dd/ffffff
693,TortorRisus.png,http://dummyimage.com/150x158.png/ff4444/ffffff
694,AcLeo.avi,http://dummyimage.com/146x154.png/5fa2dd/ffffff
695,CurabiturGravidaNisi.xls,http://dummyimage.com/154x122.png/ff4444/ffffff
696,DictumstMorbiVestibulum.xls,http://dummyimage.com/171x164.png/ff4444/ffffff
697,Nulla.avi,http://dummyimage.com/196x195.png/dddddd/000000
698,EuTincidunt.pdf,http://dummyimage.com/189x128.png/5fa2dd/ffffff
699,NullaDapibusDolor.mpeg,http://dummyimage.com/175x177.png/5fa2dd/ffffff
700,LigulaInLacus.jpeg,http://dummyimage.com/213x106.png/5fa2dd/ffffff
701,NecEuismod.ppt,http://dummyimage.com/151x141.png/ff4444/ffffff
702,LaciniaNisi.mpeg,http://dummyimage.com/218x111.png/5fa2dd/ffffff
703,Aliquet.ppt,http://dummyimage.com/193x250.png/dddddd/000000
704,ConvallisNullaNeque.mp3,http://dummyimage.com/147x164.png/ff4444/ffffff
705,Id.avi,http://dummyimage.com/195x102.png/ff4444/ffffff
706,NecNisiVolutpat.mp3,http://dummyimage.com/182x144.png/cc0000/ffffff
707,Vulputate.ppt,http://dummyimage.com/130x153.png/dddddd/000000
708,Platea.mp3,http://dummyimage.com/145x201.png/5fa2dd/ffffff
709,CrasNonVelit.ppt,http://dummyimage.com/242x187.png/5fa2dd/ffffff
710,Enim.ppt,http://dummyimage.com/239x124.png/cc0000/ffffff
711,AugueA.mov,http://dummyimage.com/177x218.png/ff4444/ffffff
712,Ipsum.jpeg,http://dummyimage.com/166x190.png/ff4444/ffffff
713,VolutpatConvallis.avi,http://dummyimage.com/208x191.png/ff4444/ffffff
714,EgestasMetusAenean.ppt,http://dummyimage.com/150x198.png/dddddd/000000
715,InBlanditUltrices.mp3,http://dummyimage.com/203x186.png/cc0000/ffffff
716,DiamErat.mp3,http://dummyimage.com/115x208.png/5fa2dd/ffffff
717,Convallis.mp3,http://dummyimage.com/167x142.png/dddddd/000000
718,NisiVulputateNonummy.xls,http://dummyimage.com/199x213.png/dddddd/000000
719,AugueVestibulum.xls,http://dummyimage.com/194x108.png/ff4444/ffffff
720,LectusVestibulumQuam.tiff,http://dummyimage.com/198x174.png/5fa2dd/ffffff
721,MorbiQuis.mp3,http://dummyimage.com/190x102.png/5fa2dd/ffffff
722,RidiculusMus.mpeg,http://dummyimage.com/150x106.png/ff4444/ffffff
723,Massa.xls,http://dummyimage.com/220x111.png/dddddd/000000
724,InHac.avi,http://dummyimage.com/100x143.png/cc0000/ffffff
725,CurabiturAt.png,http://dummyimage.com/181x170.png/ff4444/ffffff
726,ElitProin.png,http://dummyimage.com/164x109.png/5fa2dd/ffffff
727,LectusInQuam.mp3,http://dummyimage.com/212x176.png/dddddd/000000
728,NuncNislDuis.avi,http://dummyimage.com/209x229.png/dddddd/000000
729,Pede.ppt,http://dummyimage.com/153x135.png/5fa2dd/ffffff
730,AeneanLectusPellentesque.ppt,http://dummyimage.com/122x197.png/5fa2dd/ffffff
731,Nunc.xls,http://dummyimage.com/184x246.png/ff4444/ffffff
732,Sed.xls,http://dummyimage.com/225x200.png/dddddd/000000
733,EtUltricesPosuere.doc,http://dummyimage.com/131x139.png/5fa2dd/ffffff
734,EratId.mp3,http://dummyimage.com/248x242.png/5fa2dd/ffffff
735,EleifendPede.ppt,http://dummyimage.com/230x176.png/cc0000/ffffff
736,CursusUrnaUt.xls,http://dummyimage.com/210x222.png/dddddd/000000
737,Volutpat.mpeg,http://dummyimage.com/140x176.png/5fa2dd/ffffff
738,UrnaUtTellus.avi,http://dummyimage.com/210x240.png/dddddd/000000
739,Morbi.doc,http://dummyimage.com/188x227.png/cc0000/ffffff
740,RisusSemper.ppt,http://dummyimage.com/183x163.png/ff4444/ffffff
741,AcNeque.ppt,http://dummyimage.com/150x201.png/5fa2dd/ffffff
742,Orci.doc,http://dummyimage.com/221x232.png/dddddd/000000
743,AtLorem.avi,http://dummyimage.com/211x153.png/dddddd/000000
744,MassaDonec.mp3,http://dummyimage.com/196x132.png/5fa2dd/ffffff
745,Faucibus.txt,http://dummyimage.com/174x242.png/dddddd/000000
746,MaecenasLeo.ppt,http://dummyimage.com/246x134.png/ff4444/ffffff
747,SitAmetSapien.tiff,http://dummyimage.com/173x147.png/dddddd/000000
748,PedeAcDiam.avi,http://dummyimage.com/161x120.png/5fa2dd/ffffff
749,CurabiturGravida.mp3,http://dummyimage.com/165x203.png/cc0000/ffffff
750,VivamusVestibulum.xls,http://dummyimage.com/232x145.png/cc0000/ffffff
751,Vulputate.xls,http://dummyimage.com/162x178.png/dddddd/000000
752,Vitae.pdf,http://dummyimage.com/128x183.png/dddddd/000000
753,Et.mp3,http://dummyimage.com/203x184.png/5fa2dd/ffffff
754,Volutpat.mp3,http://dummyimage.com/230x162.png/5fa2dd/ffffff
755,MagnaAcConsequat.avi,http://dummyimage.com/127x154.png/dddddd/000000
756,Nunc.mp3,http://dummyimage.com/119x122.png/5fa2dd/ffffff
757,Quis.mp3,http://dummyimage.com/113x149.png/ff4444/ffffff
758,IntegerA.png,http://dummyimage.com/190x237.png/ff4444/ffffff
759,Tempor.xls,http://dummyimage.com/233x118.png/5fa2dd/ffffff
760,Ut.xls,http://dummyimage.com/134x230.png/5fa2dd/ffffff
761,Aliquam.jpeg,http://dummyimage.com/161x175.png/cc0000/ffffff
762,LuctusNecMolestie.mp3,http://dummyimage.com/174x166.png/ff4444/ffffff
763,CursusUrnaUt.png,http://dummyimage.com/237x223.png/dddddd/000000
764,PulvinarSed.xls,http://dummyimage.com/150x166.png/cc0000/ffffff
765,Nulla.doc,http://dummyimage.com/227x100.png/cc0000/ffffff
766,TurpisEnimBlandit.mpeg,http://dummyimage.com/114x227.png/5fa2dd/ffffff
767,Tristique.mp3,http://dummyimage.com/173x102.png/cc0000/ffffff
768,Aliquet.mp3,http://dummyimage.com/192x212.png/ff4444/ffffff
769,DuisAliquamConvallis.tiff,http://dummyimage.com/188x230.png/5fa2dd/ffffff
770,OdioConsequat.png,http://dummyimage.com/135x156.png/5fa2dd/ffffff
771,IaculisDiamErat.xls,http://dummyimage.com/136x103.png/dddddd/000000
772,FusceConsequat.xls,http://dummyimage.com/101x134.png/dddddd/000000
773,EgetRutrum.ppt,http://dummyimage.com/164x197.png/5fa2dd/ffffff
774,IaculisJusto.ppt,http://dummyimage.com/133x223.png/ff4444/ffffff
775,NullamPorttitor.ppt,http://dummyimage.com/194x181.png/cc0000/ffffff
776,ProinRisusPraesent.ppt,http://dummyimage.com/106x182.png/5fa2dd/ffffff
777,EratFermentum.mp3,http://dummyimage.com/103x134.png/dddddd/000000
778,Sed.jpeg,http://dummyimage.com/174x202.png/5fa2dd/ffffff
779,Luctus.pdf,http://dummyimage.com/121x137.png/cc0000/ffffff
780,Libero.ppt,http://dummyimage.com/239x184.png/ff4444/ffffff
781,Ultrices.avi,http://dummyimage.com/128x194.png/dddddd/000000
782,Penatibus.avi,http://dummyimage.com/219x170.png/ff4444/ffffff
783,At.xls,http://dummyimage.com/170x158.png/dddddd/000000
784,DolorVelEst.jpeg,http://dummyimage.com/108x165.png/5fa2dd/ffffff
785,Lacus.txt,http://dummyimage.com/199x141.png/5fa2dd/ffffff
786,Cum.jpeg,http://dummyimage.com/170x229.png/ff4444/ffffff
787,OdioCondimentumId.mp3,http://dummyimage.com/133x126.png/5fa2dd/ffffff
788,FaucibusAccumsanOdio.ppt,http://dummyimage.com/210x181.png/ff4444/ffffff
789,DuisAc.avi,http://dummyimage.com/237x174.png/5fa2dd/ffffff
790,EtTempus.ppt,http://dummyimage.com/244x135.png/ff4444/ffffff
791,Ultrices.mp3,http://dummyimage.com/219x204.png/5fa2dd/ffffff
792,CubiliaCurae.mp3,http://dummyimage.com/212x149.png/5fa2dd/ffffff
793,Proin.mp3,http://dummyimage.com/203x128.png/5fa2dd/ffffff
794,SemDuisAliquam.tiff,http://dummyimage.com/167x222.png/ff4444/ffffff
795,MassaDonec.mp3,http://dummyimage.com/191x214.png/5fa2dd/ffffff
796,DonecPharetraMagna.ppt,http://dummyimage.com/132x207.png/cc0000/ffffff
797,DonecVitae.ppt,http://dummyimage.com/172x129.png/ff4444/ffffff
798,Convallis.avi,http://dummyimage.com/154x166.png/ff4444/ffffff
799,Parturient.mp3,http://dummyimage.com/125x109.png/cc0000/ffffff
800,Ligula.txt,http://dummyimage.com/245x119.png/cc0000/ffffff
801,UtNullaSed.doc,http://dummyimage.com/219x235.png/cc0000/ffffff
802,LuctusCumSociis.xls,http://dummyimage.com/125x154.png/dddddd/000000
803,Ante.mpeg,http://dummyimage.com/112x143.png/5fa2dd/ffffff
804,LuctusEtUltrices.mp3,http://dummyimage.com/169x174.png/ff4444/ffffff
805,Vestibulum.ppt,http://dummyimage.com/163x125.png/ff4444/ffffff
806,AliquetPulvinarSed.jpeg,http://dummyimage.com/174x147.png/5fa2dd/ffffff
807,Neque.mpeg,http://dummyimage.com/240x167.png/5fa2dd/ffffff
808,EtiamFaucibus.ppt,http://dummyimage.com/234x155.png/dddddd/000000
809,EnimSitAmet.avi,http://dummyimage.com/203x144.png/dddddd/000000
810,LuctusEtUltrices.doc,http://dummyimage.com/246x187.png/5fa2dd/ffffff
811,AccumsanOdioCurabitur.pdf,http://dummyimage.com/205x131.png/cc0000/ffffff
812,NullaUltrices.avi,http://dummyimage.com/119x163.png/5fa2dd/ffffff
813,Tortor.mp3,http://dummyimage.com/106x134.png/ff4444/ffffff
814,Accumsan.avi,http://dummyimage.com/226x176.png/cc0000/ffffff
815,In.avi,http://dummyimage.com/192x216.png/dddddd/000000
816,Amet.tiff,http://dummyimage.com/106x223.png/dddddd/000000
817,Curabitur.avi,http://dummyimage.com/154x108.png/cc0000/ffffff
818,Facilisi.gif,http://dummyimage.com/134x197.png/cc0000/ffffff
819,CommodoPlaceratPraesent.avi,http://dummyimage.com/102x205.png/dddddd/000000
820,QuamSuspendissePotenti.ppt,http://dummyimage.com/119x154.png/cc0000/ffffff
821,Elementum.gif,http://dummyimage.com/103x180.png/cc0000/ffffff
822,MusEtiam.mp3,http://dummyimage.com/198x176.png/ff4444/ffffff
823,NatoquePenatibusEt.gif,http://dummyimage.com/206x220.png/cc0000/ffffff
824,IpsumAcTellus.ppt,http://dummyimage.com/131x134.png/ff4444/ffffff
825,DonecPharetra.gif,http://dummyimage.com/135x216.png/dddddd/000000
826,EnimLeoRhoncus.doc,http://dummyimage.com/107x190.png/cc0000/ffffff
827,Risus.mp3,http://dummyimage.com/115x244.png/5fa2dd/ffffff
828,AccumsanFelis.gif,http://dummyimage.com/217x177.png/ff4444/ffffff
829,EratQuisque.ppt,http://dummyimage.com/168x124.png/ff4444/ffffff
830,Ac.xls,http://dummyimage.com/129x141.png/5fa2dd/ffffff
831,EratVolutpatIn.mpeg,http://dummyimage.com/197x122.png/5fa2dd/ffffff
832,PedeUllamcorperAugue.avi,http://dummyimage.com/158x220.png/5fa2dd/ffffff
833,EstCongueElementum.jpeg,http://dummyimage.com/247x183.png/cc0000/ffffff
834,Pede.avi,http://dummyimage.com/201x174.png/cc0000/ffffff
835,Nunc.xls,http://dummyimage.com/157x161.png/cc0000/ffffff
836,VolutpatEleifendDonec.pdf,http://dummyimage.com/108x190.png/dddddd/000000
837,UtBlandit.gif,http://dummyimage.com/105x167.png/ff4444/ffffff
838,PrimisIn.ppt,http://dummyimage.com/175x183.png/cc0000/ffffff
839,UtBlandit.xls,http://dummyimage.com/161x119.png/dddddd/000000
840,EuMi.mp3,http://dummyimage.com/124x152.png/cc0000/ffffff
841,NullaSedAccumsan.tiff,http://dummyimage.com/103x137.png/dddddd/000000
842,JustoSitAmet.avi,http://dummyimage.com/206x216.png/5fa2dd/ffffff
843,DolorQuis.ppt,http://dummyimage.com/239x211.png/ff4444/ffffff
844,ArcuAdipiscingMolestie.tiff,http://dummyimage.com/178x241.png/5fa2dd/ffffff
845,BlanditNon.avi,http://dummyimage.com/159x125.png/cc0000/ffffff
846,Odio.avi,http://dummyimage.com/224x215.png/5fa2dd/ffffff
847,Erat.mpeg,http://dummyimage.com/242x119.png/dddddd/000000
848,VestibulumQuam.ppt,http://dummyimage.com/203x238.png/dddddd/000000
849,LaciniaSapien.avi,http://dummyimage.com/148x220.png/ff4444/ffffff
850,AliquetMaecenasLeo.ppt,http://dummyimage.com/205x212.png/5fa2dd/ffffff
851,DiamNeque.mov,http://dummyimage.com/139x181.png/5fa2dd/ffffff
852,Ullamcorper.doc,http://dummyimage.com/244x245.png/ff4444/ffffff
853,NullaJusto.tiff,http://dummyimage.com/147x242.png/ff4444/ffffff
854,In.tiff,http://dummyimage.com/120x100.png/5fa2dd/ffffff
855,FaucibusOrciLuctus.mp3,http://dummyimage.com/214x187.png/5fa2dd/ffffff
856,EtiamFaucibusCursus.mp3,http://dummyimage.com/121x104.png/5fa2dd/ffffff
857,Vel.gif,http://dummyimage.com/240x165.png/cc0000/ffffff
858,PedeVenenatisNon.ppt,http://dummyimage.com/214x140.png/dddddd/000000
859,Justo.xls,http://dummyimage.com/179x120.png/dddddd/000000
860,VelitDonec.pdf,http://dummyimage.com/121x124.png/5fa2dd/ffffff
861,Sit.jpeg,http://dummyimage.com/227x164.png/ff4444/ffffff
862,Ullamcorper.mp3,http://dummyimage.com/204x214.png/dddddd/000000
863,Blandit.ppt,http://dummyimage.com/193x113.png/dddddd/000000
864,Nam.png,http://dummyimage.com/220x117.png/cc0000/ffffff
865,DictumstMorbi.xls,http://dummyimage.com/151x183.png/cc0000/ffffff
866,MusEtiamVel.jpeg,http://dummyimage.com/198x168.png/dddddd/000000
867,Mauris.pdf,http://dummyimage.com/179x212.png/cc0000/ffffff
868,RutrumNequeAenean.mp3,http://dummyimage.com/164x149.png/cc0000/ffffff
869,CumSociis.xls,http://dummyimage.com/170x247.png/dddddd/000000
870,TempusVel.xls,http://dummyimage.com/174x190.png/ff4444/ffffff
871,EtMagnisDis.tiff,http://dummyimage.com/168x234.png/ff4444/ffffff
872,Amet.mpeg,http://dummyimage.com/227x107.png/5fa2dd/ffffff
873,Turpis.mov,http://dummyimage.com/147x163.png/dddddd/000000
874,DapibusDolorVel.mov,http://dummyimage.com/119x143.png/ff4444/ffffff
875,MetusAenean.jpeg,http://dummyimage.com/117x237.png/cc0000/ffffff
876,TellusIn.mp3,http://dummyimage.com/231x245.png/5fa2dd/ffffff
877,Ac.avi,http://dummyimage.com/125x109.png/ff4444/ffffff
878,IpsumDolor.tiff,http://dummyimage.com/120x170.png/dddddd/000000
879,VolutpatConvallis.pdf,http://dummyimage.com/223x246.png/ff4444/ffffff
880,SapienIaculisCongue.tiff,http://dummyimage.com/208x114.png/5fa2dd/ffffff
881,Nulla.xls,http://dummyimage.com/116x188.png/cc0000/ffffff
882,TortorRisus.mp3,http://dummyimage.com/161x174.png/ff4444/ffffff
883,Donec.avi,http://dummyimage.com/135x133.png/dddddd/000000
884,Turpis.pdf,http://dummyimage.com/104x170.png/cc0000/ffffff
885,ConvallisMorbiOdio.mp3,http://dummyimage.com/148x111.png/cc0000/ffffff
886,Sagittis.ppt,http://dummyimage.com/101x214.png/5fa2dd/ffffff
887,Sed.pdf,http://dummyimage.com/106x127.png/ff4444/ffffff
888,QuisOrciEget.ppt,http://dummyimage.com/222x175.png/5fa2dd/ffffff
889,Turpis.avi,http://dummyimage.com/173x237.png/ff4444/ffffff
890,AliquamLacusMorbi.txt,http://dummyimage.com/238x232.png/cc0000/ffffff
891,FelisEuSapien.ppt,http://dummyimage.com/193x170.png/ff4444/ffffff
892,AIpsumInteger.mp3,http://dummyimage.com/208x193.png/cc0000/ffffff
893,VelPedeMorbi.ppt,http://dummyimage.com/175x138.png/dddddd/000000
894,Sociis.xls,http://dummyimage.com/119x113.png/cc0000/ffffff
895,PosuereNonummy.avi,http://dummyimage.com/182x242.png/dddddd/000000
896,DuiNec.tiff,http://dummyimage.com/235x154.png/cc0000/ffffff
897,SapienIaculis.xls,http://dummyimage.com/239x207.png/dddddd/000000
898,Eleifend.mov,http://dummyimage.com/249x188.png/cc0000/ffffff
899,AccumsanFelisUt.doc,http://dummyimage.com/200x223.png/5fa2dd/ffffff
900,PedePosuere.pdf,http://dummyimage.com/126x127.png/5fa2dd/ffffff
901,UtVolutpatSapien.pdf,http://dummyimage.com/149x203.png/cc0000/ffffff
902,IdConsequat.tiff,http://dummyimage.com/197x139.png/5fa2dd/ffffff
903,LacusAt.avi,http://dummyimage.com/129x239.png/5fa2dd/ffffff
904,Nulla.ppt,http://dummyimage.com/205x184.png/cc0000/ffffff
905,AliquamSitAmet.tiff,http://dummyimage.com/234x235.png/5fa2dd/ffffff
906,Tellus.xls,http://dummyimage.com/198x187.png/cc0000/ffffff
907,Eu.tiff,http://dummyimage.com/215x102.png/ff4444/ffffff
908,FeugiatNonPretium.pdf,http://dummyimage.com/168x229.png/5fa2dd/ffffff
909,LobortisConvallis.xls,http://dummyimage.com/170x166.png/dddddd/000000
910,Nisi.ppt,http://dummyimage.com/112x209.png/dddddd/000000
911,OrciLuctus.xls,http://dummyimage.com/115x203.png/cc0000/ffffff
912,PotentiCras.mp3,http://dummyimage.com/126x126.png/5fa2dd/ffffff
913,Nisl.xls,http://dummyimage.com/101x206.png/cc0000/ffffff
914,InLacusCurabitur.xls,http://dummyimage.com/114x128.png/cc0000/ffffff
915,PrimisInFaucibus.avi,http://dummyimage.com/204x225.png/ff4444/ffffff
916,NuncDonec.doc,http://dummyimage.com/141x200.png/cc0000/ffffff
917,SuspendissePotenti.mp3,http://dummyimage.com/119x122.png/5fa2dd/ffffff
918,FaucibusOrci.ppt,http://dummyimage.com/247x115.png/dddddd/000000
919,Primis.xls,http://dummyimage.com/165x126.png/dddddd/000000
920,VulputateUtUltrices.png,http://dummyimage.com/117x175.png/5fa2dd/ffffff
921,Non.jpeg,http://dummyimage.com/195x242.png/ff4444/ffffff
922,In.mpeg,http://dummyimage.com/132x195.png/dddddd/000000
923,Quisque.xls,http://dummyimage.com/223x229.png/5fa2dd/ffffff
924,Tempus.mp3,http://dummyimage.com/249x158.png/ff4444/ffffff
925,Sollicitudin.doc,http://dummyimage.com/180x249.png/dddddd/000000
926,SedInterdumVenenatis.txt,http://dummyimage.com/208x189.png/ff4444/ffffff
927,LuctusTincidunt.ppt,http://dummyimage.com/172x200.png/cc0000/ffffff
928,VolutpatEleifendDonec.pdf,http://dummyimage.com/188x116.png/cc0000/ffffff
929,DuiVel.mp3,http://dummyimage.com/245x105.png/dddddd/000000
930,NecNisi.mp3,http://dummyimage.com/127x210.png/dddddd/000000
931,Orci.ppt,http://dummyimage.com/131x157.png/dddddd/000000
932,PorttitorLacus.mp3,http://dummyimage.com/141x106.png/5fa2dd/ffffff
933,VelitEuEst.xls,http://dummyimage.com/150x185.png/cc0000/ffffff
934,EtUltrices.mp3,http://dummyimage.com/199x104.png/dddddd/000000
935,JustoNec.ppt,http://dummyimage.com/151x100.png/ff4444/ffffff
936,OrnareImperdietSapien.mov,http://dummyimage.com/193x151.png/dddddd/000000
937,TinciduntNulla.png,http://dummyimage.com/210x149.png/dddddd/000000
938,EuMassa.avi,http://dummyimage.com/132x249.png/ff4444/ffffff
939,EgetVulputateUt.avi,http://dummyimage.com/124x128.png/dddddd/000000
940,Nisl.mov,http://dummyimage.com/167x126.png/dddddd/000000
941,Habitasse.mp3,http://dummyimage.com/213x113.png/5fa2dd/ffffff
942,EuMagna.doc,http://dummyimage.com/110x209.png/cc0000/ffffff
943,PosuereMetusVitae.xls,http://dummyimage.com/204x214.png/ff4444/ffffff
944,Odio.pdf,http://dummyimage.com/100x163.png/cc0000/ffffff
945,Pede.png,http://dummyimage.com/147x145.png/5fa2dd/ffffff
946,Eget.ppt,http://dummyimage.com/148x215.png/5fa2dd/ffffff
947,Amet.xls,http://dummyimage.com/236x108.png/cc0000/ffffff
948,QuamNecDui.gif,http://dummyimage.com/183x142.png/5fa2dd/ffffff
949,AliquamSitAmet.mp3,http://dummyimage.com/150x197.png/dddddd/000000
950,DonecDapibus.png,http://dummyimage.com/235x103.png/ff4444/ffffff
951,InQuam.mp3,http://dummyimage.com/168x226.png/5fa2dd/ffffff
952,SitAmet.mp3,http://dummyimage.com/237x131.png/cc0000/ffffff
953,LiberoQuis.ppt,http://dummyimage.com/231x179.png/cc0000/ffffff
954,InHac.avi,http://dummyimage.com/197x142.png/ff4444/ffffff
955,InHacHabitasse.xls,http://dummyimage.com/111x105.png/dddddd/000000
956,Vel.jpeg,http://dummyimage.com/176x109.png/dddddd/000000
957,QuamSuspendissePotenti.png,http://dummyimage.com/130x239.png/cc0000/ffffff
958,PosuereCubilia.avi,http://dummyimage.com/159x249.png/dddddd/000000
959,AtIpsumAc.txt,http://dummyimage.com/236x241.png/ff4444/ffffff
960,HacHabitassePlatea.xls,http://dummyimage.com/176x220.png/cc0000/ffffff
961,LigulaVehicula.xls,http://dummyimage.com/108x226.png/dddddd/000000
962,TortorQuis.gif,http://dummyimage.com/128x180.png/cc0000/ffffff
963,VehiculaCondimentumCurabitur.mpeg,http://dummyimage.com/159x118.png/cc0000/ffffff
964,Auctor.tiff,http://dummyimage.com/171x170.png/cc0000/ffffff
965,Nec.ppt,http://dummyimage.com/171x126.png/5fa2dd/ffffff
966,PhasellusId.xls,http://dummyimage.com/193x128.png/dddddd/000000
967,NullaSedAccumsan.mp3,http://dummyimage.com/223x131.png/dddddd/000000
968,IpsumPrimis.pdf,http://dummyimage.com/178x179.png/cc0000/ffffff
969,SitAmetConsectetuer.pdf,http://dummyimage.com/178x206.png/5fa2dd/ffffff
970,Nec.avi,http://dummyimage.com/147x207.png/dddddd/000000
971,ArcuLiberoRutrum.ppt,http://dummyimage.com/134x227.png/dddddd/000000
972,VitaeNisl.gif,http://dummyimage.com/134x182.png/cc0000/ffffff
973,Amet.mp3,http://dummyimage.com/128x132.png/5fa2dd/ffffff
974,DiamIdOrnare.xls,http://dummyimage.com/142x163.png/cc0000/ffffff
975,FeugiatEt.gif,http://dummyimage.com/100x169.png/dddddd/000000
976,Nam.xls,http://dummyimage.com/131x168.png/5fa2dd/ffffff
977,Nibh.tiff,http://dummyimage.com/100x246.png/dddddd/000000
978,Condimentum.mp3,http://dummyimage.com/190x220.png/cc0000/ffffff
979,AnteVel.mpeg,http://dummyimage.com/248x173.png/dddddd/000000
980,Laoreet.mp3,http://dummyimage.com/133x167.png/cc0000/ffffff
981,Auctor.gif,http://dummyimage.com/208x180.png/cc0000/ffffff
982,MassaIdLobortis.ppt,http://dummyimage.com/216x154.png/dddddd/000000
983,SitAmet.jpeg,http://dummyimage.com/245x211.png/ff4444/ffffff
984,Turpis.gif,http://dummyimage.com/231x132.png/ff4444/ffffff
985,NecCondimentumNeque.mpeg,http://dummyimage.com/130x116.png/ff4444/ffffff
986,Vel.mp3,http://dummyimage.com/234x205.png/cc0000/ffffff
987,NullaNunc.xls,http://dummyimage.com/228x170.png/dddddd/000000
988,Erat.jpeg,http://dummyimage.com/180x190.png/cc0000/ffffff
989,SemperInterdumMauris.jpeg,http://dummyimage.com/236x237.png/ff4444/ffffff
990,Id.mp3,http://dummyimage.com/229x121.png/5fa2dd/ffffff
991,Eros.ppt,http://dummyimage.com/149x133.png/cc0000/ffffff
992,Massa.ppt,http://dummyimage.com/131x158.png/ff4444/ffffff
993,CongueElementum.mpeg,http://dummyimage.com/110x192.png/ff4444/ffffff
994,VulputateElementumNullam.mov,http://dummyimage.com/209x146.png/dddddd/000000
995,Pede.tiff,http://dummyimage.com/248x175.png/dddddd/000000
996,PellentesqueVolutpatDui.avi,http://dummyimage.com/245x207.png/ff4444/ffffff
997,VelNisl.png,http://dummyimage.com/151x204.png/dddddd/000000
998,Ultrices.pdf,http://dummyimage.com/176x155.png/5fa2dd/ffffff
999,MontesNasceturRidiculus.avi,http://dummyimage.com/143x122.png/dddddd/000000
1000,Ac.ppt,http://dummyimage.com/194x191.png/ff4444/ffffff
